Id,FirstName,LastName,Email,Phone,AccountId,Title,MailingCity,MailingCountry
003fj00000Tm5eDAAR,Rose,Gonzalez,rose@edge.com,(512) 757-6000,001fj00000Wns6XAAR,"SVP, Procurement",,
003fj00000Tm5eEAAR,Sean,Forbes,sean@edge.com,(512) 757-6000,001fj00000Wns6XAAR,CFO,,
003fj00000Tm5eFAAR,Jack,Rogers,jrogers@burlington.com,(336) 222-7000,001fj00000Wns6YAAR,"VP, Facilities",Burlington,USA
003fj00000Tm5eGAAR,Pat,Stumuller,pat@pyramid.net,(014) 427-4427,001fj00000Wns6ZAAR,"SVP, Administration and Finance",Paris,France
003fj00000Tm5eHAAR,Andy,Young,a_young@dickenson.com,(785) 241-6200,001fj00000Wns6aAAB,"SVP, Operations",Lawrence,United States
003fj00000Tm5eIAAR,Tim,Barr,barr_tim@grandhotels.com,(312) 596-1000,001fj00000Wns6bAAB,"SVP, Administration and Finance",,
003fj00000Tm5eJAAR,John,Bond,bond_john@grandhotels.com,(312) 596-1000,001fj00000Wns6bAAB,"VP, Facilities",,
003fj00000Tm5eKAAR,Stella,Pavlova,spavlova@uog.com,(212) 842-5500,001fj00000Wns6cAAB,"SVP, Production",,
003fj00000Tm5eLAAR,Lauren,Boyle,lboyle@uog.com,(212) 842-5500,001fj00000Wns6cAAB,"SVP, Technology",,
003fj00000Tm5eMAAR,Babara,Levy,b.levy@expressl&t.net,(503) 421-7800,001fj00000Wns6dAAB,"SVP, Operations",,
003fj00000Tm5eNAAR,Josh,Davis,j.davis@expressl&t.net,(503) 421-7800,001fj00000Wns6dAAB,"Director, Warehouse Mgmt",,
003fj00000Tm5eOAAR,Jane,Grey,jane_gray@uoa.edu,(520) 773-9050,001fj00000Wns6eAAB,Dean of Administration,,
003fj00000Tm5ePAAR,Arthur,Song,asong@uog.com,(212) 842-5500,001fj00000Wns6cAAB,CEO,,
003fj00000Tm5eQAAR,Ashley,James,ajames@uog.com,+44 191 4956203,001fj00000Wns6fAAB,"VP, Finance",,
003fj00000Tm5eRAAR,Tom,Ripley,tripley@uog.com,(650) 450-8810,001fj00000Wns6gAAB,Regional General Manager,,
003fj00000Tm5eSAAR,Liz,D'Cruz,ldcruz@uog.com,(650) 450-8810,001fj00000Wns6gAAB,"VP, Production",,
003fj00000Tm5eTAAR,Edna,Frank,efrank@genepoint.com,(650) 867-3450,001fj00000Wns6hAAB,"VP, Technology",,
003fj00000Tm5eUAAR,Avi,Green,agreen@uog.com,(212) 842-5500,001fj00000Wns6cAAB,CFO,,
003fj00000Tm5eVAAR,Siddartha,Nedaerk,,,001fj00000Wns6iAAB,,San Francisco,US
003fj00000Tm5eWAAR,Jake,Llorrac,,,001fj00000Wns6iAAB,,,
003fj00000fG9NtAAK,,United Oil & Gas Corp. Contact,,,001fj00000Wns6cAAB,,,
003fj00000fx5s6AAA,,Meta4,,8765432,001fj00000hV4GHAA0,,,
003fj00000fxAwwAAE,,Meta2,,9876543,001fj00000hV4GHAA0,,,
003fj00000fxTxeAAE,,Tesla2,,9687565475,001fj00000hSQq7AAG,,,
003fj00000fxWaYAAU,,Tesla1,,554757647,001fj00000hSQq7AAG,,,
003fj00000fxcb8AAA,,Meta1,,6867867878,001fj00000hV4GHAA0,,,
003fj00000fxgWfAAI,,Meta3,,2345678,001fj00000hV4GHAA0,,,
003fj00000fxgWgAAI,,Microsoft1,,87654367,001fj00000hULciAAG,,,
003fj00000fxiYTAAY,,Microsoft2,,7575757,001fj00000hULciAAG,,,
003fj00000fxibhAAA,,Microsoft3,,765575765,001fj00000hULciAAG,,,
003fj00000fxigXAAQ,,Microsoft4,,7654675768,001fj00000hULciAAG,,,
003fj00000fxilNAAQ,,Microsoft5,,75576575765,001fj00000hULciAAG,,,
003fj00000gNQpdAAG,,parent account,,,001fj00000i1WisAAE,,,
003fj00000gNallAAC,,Koc,,,001fj00000i1DMuAAM,,,
003fj00000gNaozAAC,,Biden,,,001fj00000i1DMuAAM,,,
003fj00000gVlaLAAS,Samsung,Contact,,,001fj00000iBJ4QAAW,,,
003fj00000gf1G8AAI,,Statham,,,001fj00000iBJ4QAAW,,,
003fj00000gf4YvAAI,,Test2,,,001fj00000n8DblAAE,,,
003fj00000hEhKUAA0,Test1,Contact,,,001fj00000iiUsJAAU,,,
003fj00000jEsBWAA0,,Contact,,,001fj00000lRwMbAAK,,,
003fj00000jJQrLAAW,,Contact,,,001fj00000lXQQXAA4,,,
003fj00000jJQrMAAW,,Contact,,,001fj00000lXQQYAA4,,,
003fj00000jJQrNAAW,,Contact,,,001fj00000lXQQZAA4,,,
003fj00000jgEUTAA2,,Test3,elnurmecidov96@gmail.com,(336) 222-7000,001fj00000Wns6YAAR,,Burlington,United States
003fj00000jqynpAAA,Ilham,Imamaliyeva,ilhamaliyev99@gmail.ru,+156989876857,001fj00000n83qyAAA,,,
003fj00000jr3vVAAQ,,Majidov,,,001fj00000n8DqHAAU,,,
003fj00000jrCPJAA2,,Imamaliyeva,,,,,,
003fj00000jrCPKAA2,Cem,Kara,,,,,Austria,Albania
003fj00000jrEPVAA2,,Imamaliyeva,,,,,,
003fj00000jrEPWAA2,Cem,Kara,,,,,New York,
003fj00000kGNKkAAO,,Arikan,gdfjhasgjf@gmail.com,,,,,
003fj00000kGThtAAG,Test2,Test22,,,001fj00000lXQQXAA4,,,
003fj00000kGTl7AAG,Test3,Test33,,,001fj00000lXQQXAA4,,,
003fj00000kSOEbAAO,,Imamaliyeva,,,,,,
003fj00000kSOEcAAO,Cem,Kara,,,,,,
003fj00000kSOEdAAO,,Contact Dml,,,001fj00000n4rPhAAI,,,
003fj00000kSOGDAA4,,Contact,,,001fj00000n4rPhAAI,,,
003fj00000kUGWIAA4,,Contact,,,001fj00000n856MAAQ,,,
003fj00000kUIBWAA4,,Imamaliyeva,,,,,,
003fj00000kUIBXAA4,Cem,Kara,,,,,,
003fj00000kUIBYAA4,,Contact Dml,,,001fj00000n8DqHAAU,,,
003fj00000kUJijAAG,Contact Demo FN1,Contact Demo LN1,,,001fj00000n8QynAAE,,,
003fj00000kUJikAAG,Contact Demo FN2,Contact Demo LN2,,,001fj00000n8QynAAE,,,
003fj00000kUJilAAG,Contact Demo FN3,Contact Demo LN3,,,001fj00000n8QynAAE,,,
003fj00000kUJimAAG,Contact Demo FN4,Contact Demo LN4,,,001fj00000n8QynAAE,,,
003fj00000kUJinAAG,Contact Demo FN5,Contact Demo LN5,,,001fj00000n8QynAAE,,,
003fj00000kUJioAAG,Contact Demo FN1,Contact Demo LN1,,,001fj00000n8QyoAAE,,,
003fj00000kUJipAAG,Contact Demo FN2,Contact Demo LN2,,,001fj00000n8QyoAAE,,,
003fj00000kUJiqAAG,Contact Demo FN3,Contact Demo LN3,,,001fj00000n8QyoAAE,,,
003fj00000kUJirAAG,Contact Demo FN4,Contact Demo LN4,,,001fj00000n8QyoAAE,,,
003fj00000kUJisAAG,Contact Demo FN5,Contact Demo LN5,,,001fj00000n8QyoAAE,,,
003fj00000kUJitAAG,Contact Demo FN1,Contact Demo LN1,,,001fj00000n8QypAAE,,,
003fj00000kUJiuAAG,Contact Demo FN2,Contact Demo LN2,,,001fj00000n8QypAAE,,,
003fj00000kUJivAAG,Contact Demo FN3,Contact Demo LN3,,,001fj00000n8QypAAE,,,
003fj00000kUJiwAAG,Contact Demo FN4,Contact Demo LN4,,,001fj00000n8QypAAE,,,
003fj00000kUJixAAG,Contact Demo FN5,Contact Demo LN5,,,001fj00000n8QypAAE,,,
003fj00000kUJiyAAG,Contact Demo FN1,Contact Demo LN1,,,001fj00000n8QyqAAE,,,
003fj00000kUJizAAG,Contact Demo FN2,Contact Demo LN2,,,001fj00000n8QyqAAE,,,
003fj00000kUJj0AAG,Contact Demo FN3,Contact Demo LN3,,,001fj00000n8QyqAAE,,,
003fj00000kUJj1AAG,Contact Demo FN4,Contact Demo LN4,,,001fj00000n8QyqAAE,,,
003fj00000kUJj2AAG,Contact Demo FN5,Contact Demo LN5,,,001fj00000n8QyqAAE,,,
003fj00000kUJj3AAG,Contact Demo FN1,Contact Demo LN1,,,001fj00000n8QyrAAE,,,
003fj00000kUJj4AAG,Contact Demo FN2,Contact Demo LN2,,,001fj00000n8QyrAAE,,,
003fj00000kUJj5AAG,Contact Demo FN3,Contact Demo LN3,,,001fj00000n8QyrAAE,,,
003fj00000kUJj6AAG,Contact Demo FN4,Contact Demo LN4,,,001fj00000n8QyrAAE,,,
003fj00000kUJj7AAG,Contact Demo FN5,Contact Demo LN5,,,001fj00000n8QyrAAE,,,
003fj00000kULZDAA4,,Contact,,,001fj00000n8DqHAAU,,,
003fj00000kULvlAAG,,Imamaliyeva,,,,,,
003fj00000kULvmAAG,Cem,Kara,,,,,,
003fj00000kULvnAAG,,Contact Dml,,,001fj00000n856MAAQ,,,
003fj00000kUNW9AAO,,Imamaliyeva,,,,,,
003fj00000kUNWAAA4,Cem,Kara,,,,,,
003fj00000kUNWBAA4,,Contact Dml,,,001fj00000n8DblAAE,,,
003fj00000kUNXlAAO,,Contact,,,001fj00000n8DblAAE,,,
003fj00000kUNhRAAW,,Imamaliyeva,,,,,,
003fj00000kUNhSAAW,altun,keskin,,,,,,
003fj00000kUNhTAAW,,Contact Dml,,,001fj00000n83qyAAA,,,
003fj00000kUNj3AAG,,Contact,,,001fj00000n83qyAAA,,,
003fj00000kUSMAAA4,,Contact,,,001fj00000n8XKLAA2,,,
003fj00000kUSMBAA4,,Contact,,,001fj00000n8XKMAA2,,,
003fj00000kUSMCAA4,,Contact,,,001fj00000n8XKNAA2,,,
003fj00000kUSMDAA4,,Contact,,,001fj00000n8XKOAA2,,,
003fj00000kUSMEAA4,,Contact,,,001fj00000n8XKPAA2,,,
003fj00000kUVS6AAO,,Contact Demo LN1,,,001fj00000n8PrVAAU,,,
003fj00000kUVS7AAO,,Contact Demo LN2,,,001fj00000n8PrVAAU,,,
003fj00000kUVS8AAO,,Contact Demo LN3,,,001fj00000n8PrVAAU,,,
003fj00000kUVS9AAO,,Contact Demo LN4,,,001fj00000n8PrVAAU,,,
003fj00000kUVSAAA4,,Contact Demo LN5,,,001fj00000n8PrVAAU,,,
003fj00000kUVSBAA4,,Contact Demo LN1,,,001fj00000n8PrWAAU,,,
003fj00000kUVSCAA4,,Contact Demo LN2,,,001fj00000n8PrWAAU,,,
003fj00000kUVSDAA4,,Contact Demo LN3,,,001fj00000n8PrWAAU,,,
003fj00000kUVSEAA4,,Contact Demo LN4,,,001fj00000n8PrWAAU,,,
003fj00000kUVSFAA4,,Contact Demo LN5,,,001fj00000n8PrWAAU,,,
003fj00000kUVSGAA4,,Contact Demo LN1,,,001fj00000n8PrXAAU,,,
003fj00000kUVSHAA4,,Contact Demo LN2,,,001fj00000n8PrXAAU,,,
003fj00000kUVSIAA4,,Contact Demo LN3,,,001fj00000n8PrXAAU,,,
003fj00000kUVSJAA4,,Contact Demo LN4,,,001fj00000n8PrXAAU,,,
003fj00000kUVSKAA4,,Contact Demo LN5,,,001fj00000n8PrXAAU,,,
003fj00000kUVSLAA4,,Contact Demo LN1,,,001fj00000n8PrYAAU,,,
003fj00000kUVSMAA4,,Contact Demo LN2,,,001fj00000n8PrYAAU,,,
003fj00000kUVSNAA4,,Contact Demo LN3,,,001fj00000n8PrYAAU,,,
003fj00000kUVSOAA4,,Contact Demo LN4,,,001fj00000n8PrYAAU,,,
003fj00000kUVSPAA4,,Contact Demo LN5,,,001fj00000n8PrYAAU,,,
003fj00000kUVSQAA4,,Contact Demo LN1,,,001fj00000n8PrZAAU,,,
003fj00000kUVSRAA4,,Contact Demo LN2,,,001fj00000n8PrZAAU,,,
003fj00000kUVSSAA4,,Contact Demo LN3,,,001fj00000n8PrZAAU,,,
003fj00000kUVSTAA4,,Contact Demo LN4,,,001fj00000n8PrZAAU,,,
003fj00000kUVSUAA4,,Contact Demo LN5,,,001fj00000n8PrZAAU,,,
003fj00000kUVTpAAO,,Contact,,,001fj00000n8PraAAE,,,
003fj00000kUWCrAAO,Contact Demo FN1,Contact Demo LN1,,,001fj00000n8QVlAAM,,,
003fj00000kUWCsAAO,Contact Demo FN2,Contact Demo LN2,,,001fj00000n8QVlAAM,,,
003fj00000kUWCtAAO,Contact Demo FN3,Contact Demo LN3,,,001fj00000n8QVlAAM,,,
003fj00000kUWCuAAO,Contact Demo FN4,Contact Demo LN4,,,001fj00000n8QVlAAM,,,
003fj00000kUWCvAAO,Contact Demo FN5,Contact Demo LN5,,,001fj00000n8QVlAAM,,,
003fj00000kUWCwAAO,Contact Demo FN1,Contact Demo LN1,,,001fj00000n8QVmAAM,,,
003fj00000kUWCxAAO,Contact Demo FN2,Contact Demo LN2,,,001fj00000n8QVmAAM,,,
003fj00000kUWCyAAO,Contact Demo FN3,Contact Demo LN3,,,001fj00000n8QVmAAM,,,
003fj00000kUWCzAAO,Contact Demo FN4,Contact Demo LN4,,,001fj00000n8QVmAAM,,,
003fj00000kUWD0AAO,Contact Demo FN5,Contact Demo LN5,,,001fj00000n8QVmAAM,,,
003fj00000kUWD1AAO,Contact Demo FN1,Contact Demo LN1,,,001fj00000n8QVnAAM,,,
003fj00000kUWD2AAO,Contact Demo FN2,Contact Demo LN2,,,001fj00000n8QVnAAM,,,
003fj00000kUWD3AAO,Contact Demo FN3,Contact Demo LN3,,,001fj00000n8QVnAAM,,,
003fj00000kUWD4AAO,Contact Demo FN4,Contact Demo LN4,,,001fj00000n8QVnAAM,,,
003fj00000kUWD5AAO,Contact Demo FN5,Contact Demo LN5,,,001fj00000n8QVnAAM,,,
003fj00000kUWD6AAO,Contact Demo FN1,Contact Demo LN1,,,001fj00000n8QVoAAM,,,
003fj00000kUWD7AAO,Contact Demo FN2,Contact Demo LN2,,,001fj00000n8QVoAAM,,,
003fj00000kUWD8AAO,Contact Demo FN3,Contact Demo LN3,,,001fj00000n8QVoAAM,,,
003fj00000kUWD9AAO,Contact Demo FN4,Contact Demo LN4,,,001fj00000n8QVoAAM,,,
003fj00000kUWDAAA4,Contact Demo FN5,Contact Demo LN5,,,001fj00000n8QVoAAM,,,
003fj00000kUWDBAA4,Contact Demo FN1,Contact Demo LN1,,,001fj00000n8QVpAAM,,,
003fj00000kUWDCAA4,Contact Demo FN2,Contact Demo LN2,,,001fj00000n8QVpAAM,,,
003fj00000kUWDDAA4,Contact Demo FN3,Contact Demo LN3,,,001fj00000n8QVpAAM,,,
003fj00000kUWDEAA4,Contact Demo FN4,Contact Demo LN4,,,001fj00000n8QVpAAM,,,
003fj00000kUWDFAA4,Contact Demo FN5,Contact Demo LN5,,,001fj00000n8QVpAAM,,,
003fj00000kUWETAA4,,Contact,,,001fj00000n8QVlAAM,,,
003fj00000kUWEUAA4,,Contact,,,001fj00000n8QVmAAM,,,
003fj00000kUWEVAA4,,Contact,,,001fj00000n8QVnAAM,,,
003fj00000kUWEWAA4,,Contact,,,001fj00000n8QVoAAM,,,
003fj00000kUWEXAA4,,Contact,,,001fj00000n8QVpAAM,,,
003fj00000kUWT0AAO,,Contact,,,001fj00000n8RBiAAM,,,
003fj00000kUWT1AAO,,Contact,,,001fj00000n8RBjAAM,,,
003fj00000kUWT2AAO,,Contact,,,001fj00000n8RBkAAM,,,
003fj00000kUWT3AAO,,Contact,,,001fj00000n8RBlAAM,,,
003fj00000kUWT4AAO,,Contact,,,001fj00000n8RBmAAM,,,
003fj00000kUWXpAAO,,Contact,,,001fj00000n8QynAAE,,,
003fj00000kUWXqAAO,,Contact,,,001fj00000n8QyoAAE,,,
003fj00000kUWXrAAO,,Contact,,,001fj00000n8QypAAE,,,
003fj00000kUWXsAAO,,Contact,,,001fj00000n8QyqAAE,,,
003fj00000kUWXtAAO,,Contact,,,001fj00000n8QyrAAE,,,
003fj00000kUYEgAAO,,Contact Demo LN1,,,001fj00000n8T0dAAE,,,
003fj00000kUYEhAAO,,Contact Demo LN2,,,001fj00000n8T0dAAE,,,
003fj00000kUYEiAAO,,Contact Demo LN3,,,001fj00000n8T0dAAE,,,
003fj00000kUYEjAAO,,Contact Demo LN4,,,001fj00000n8T0dAAE,,,
003fj00000kUYEkAAO,,Contact Demo LN5,,,001fj00000n8T0dAAE,,,
003fj00000kUYElAAO,,Contact Demo LN1,,,001fj00000n8T0eAAE,,,
003fj00000kUYEmAAO,,Contact Demo LN2,,,001fj00000n8T0eAAE,,,
003fj00000kUYEnAAO,,Contact Demo LN3,,,001fj00000n8T0eAAE,,,
003fj00000kUYEoAAO,,Contact Demo LN4,,,001fj00000n8T0eAAE,,,
003fj00000kUYEpAAO,,Contact Demo LN5,,,001fj00000n8T0eAAE,,,
003fj00000kUYEqAAO,,Contact Demo LN1,,,001fj00000n8T0fAAE,,,
003fj00000kUYErAAO,,Contact Demo LN2,,,001fj00000n8T0fAAE,,,
003fj00000kUYEsAAO,,Contact Demo LN3,,,001fj00000n8T0fAAE,,,
003fj00000kUYEtAAO,,Contact Demo LN4,,,001fj00000n8T0fAAE,,,
003fj00000kUYEuAAO,,Contact Demo LN5,,,001fj00000n8T0fAAE,,,
003fj00000kUYEvAAO,,Contact Demo LN1,,,001fj00000n8T0gAAE,,,
003fj00000kUYEwAAO,,Contact Demo LN2,,,001fj00000n8T0gAAE,,,
003fj00000kUYExAAO,,Contact Demo LN3,,,001fj00000n8T0gAAE,,,
003fj00000kUYEyAAO,,Contact Demo LN4,,,001fj00000n8T0gAAE,,,
003fj00000kUYEzAAO,,Contact Demo LN5,,,001fj00000n8T0gAAE,,,
003fj00000kUYF0AAO,,Contact Demo LN1,,,001fj00000n8T0hAAE,,,
003fj00000kUYF1AAO,,Contact Demo LN2,,,001fj00000n8T0hAAE,,,
003fj00000kUYF2AAO,,Contact Demo LN3,,,001fj00000n8T0hAAE,,,
003fj00000kUYF3AAO,,Contact Demo LN4,,,001fj00000n8T0hAAE,,,
003fj00000kUYF4AAO,,Contact Demo LN5,,,001fj00000n8T0hAAE,,,
003fj00000kUZM1AAO,,Contact,,,001fj00000n8T0dAAE,,,
003fj00000kUZM2AAO,,Contact,,,001fj00000n8T0eAAE,,,
003fj00000kUZM3AAO,,Contact,,,001fj00000n8T0fAAE,,,
003fj00000kUZM4AAO,,Contact,,,001fj00000n8T0gAAE,,,
003fj00000kUZM5AAO,,Contact,,,001fj00000n8T0hAAE,,,
003fj00000kUaDGAA0,,Contact Demo LN1,,,001fj00000n8RDMAA2,,,
003fj00000kUaDHAA0,,Contact Demo LN2,,,001fj00000n8RDMAA2,,,
003fj00000kUaDIAA0,,Contact Demo LN3,,,001fj00000n8RDMAA2,,,
003fj00000kUaDJAA0,,Contact Demo LN4,,,001fj00000n8RDMAA2,,,
003fj00000kUaDKAA0,,Contact Demo LN5,,,001fj00000n8RDMAA2,,,
003fj00000kUaDLAA0,,Contact Demo LN1,,,001fj00000n8RDNAA2,,,
003fj00000kUaDMAA0,,Contact Demo LN2,,,001fj00000n8RDNAA2,,,
003fj00000kUaDNAA0,,Contact Demo LN3,,,001fj00000n8RDNAA2,,,
003fj00000kUaDOAA0,,Contact Demo LN4,,,001fj00000n8RDNAA2,,,
003fj00000kUaDPAA0,,Contact Demo LN5,,,001fj00000n8RDNAA2,,,
003fj00000kUaDQAA0,,Contact Demo LN1,,,001fj00000n8RDOAA2,,,
003fj00000kUaDRAA0,,Contact Demo LN2,,,001fj00000n8RDOAA2,,,
003fj00000kUaDSAA0,,Contact Demo LN3,,,001fj00000n8RDOAA2,,,
003fj00000kUaDTAA0,,Contact Demo LN4,,,001fj00000n8RDOAA2,,,
003fj00000kUaDUAA0,,Contact Demo LN5,,,001fj00000n8RDOAA2,,,
003fj00000kUaDVAA0,,Contact Demo LN1,,,001fj00000n8RDPAA2,,,
003fj00000kUaDWAA0,,Contact Demo LN2,,,001fj00000n8RDPAA2,,,
003fj00000kUaDXAA0,,Contact Demo LN3,,,001fj00000n8RDPAA2,,,
003fj00000kUaDYAA0,,Contact Demo LN4,,,001fj00000n8RDPAA2,,,
003fj00000kUaDZAA0,,Contact Demo LN5,,,001fj00000n8RDPAA2,,,
003fj00000kUaDaAAK,,Contact Demo LN1,,,001fj00000n8RDQAA2,,,
003fj00000kUaDbAAK,,Contact Demo LN2,,,001fj00000n8RDQAA2,,,
003fj00000kUaDcAAK,,Contact Demo LN3,,,001fj00000n8RDQAA2,,,
003fj00000kUaDdAAK,,Contact Demo LN4,,,001fj00000n8RDQAA2,,,
003fj00000kUaDeAAK,,Contact Demo LN5,,,001fj00000n8RDQAA2,,,
003fj00000kUaI5AAK,,Contact,,,001fj00000n8PrVAAU,,,
003fj00000kUaI6AAK,,Contact,,,001fj00000n8PrWAAU,,,
003fj00000kUaI7AAK,,Contact,,,001fj00000n8PrXAAU,,,
003fj00000kUaI8AAK,,Contact,,,001fj00000n8PrYAAU,,,
003fj00000kUaI9AAK,,Contact,,,001fj00000n8PrZAAU,,,
003fj00000kUabSAAS,,Contact,,,001fj00000n8RBnAAM,,,
003fj00000kUb65AAC,,Contact,,,001fj00000n8RDRAA2,,,
003fj00000kUb7hAAC,,Contact,,,001fj00000n8RDMAA2,,,
003fj00000kUb7iAAC,,Contact,,,001fj00000n8RDNAA2,,,
003fj00000kUb7jAAC,,Contact,,,001fj00000n8RDOAA2,,,
003fj00000kUb7kAAC,,Contact,,,001fj00000n8RDPAA2,,,
003fj00000kUb7lAAC,,Contact,,,001fj00000n8RDQAA2,,,
003fj00000kUbCXAA0,,Contact Demo LN1,,,001fj00000n8RBiAAM,,,
003fj00000kUbCYAA0,,Contact Demo LN2,,,001fj00000n8RBiAAM,,,
003fj00000kUbCZAA0,,Contact Demo LN3,,,001fj00000n8RBiAAM,,,
003fj00000kUbCaAAK,,Contact Demo LN4,,,001fj00000n8RBiAAM,,,
003fj00000kUbCbAAK,,Contact Demo LN5,,,001fj00000n8RBiAAM,,,
003fj00000kUbCcAAK,,Contact Demo LN1,,,001fj00000n8RBjAAM,,,
003fj00000kUbCdAAK,,Contact Demo LN2,,,001fj00000n8RBjAAM,,,
003fj00000kUbCeAAK,,Contact Demo LN3,,,001fj00000n8RBjAAM,,,
003fj00000kUbCfAAK,,Contact Demo LN4,,,001fj00000n8RBjAAM,,,
003fj00000kUbCgAAK,,Contact Demo LN5,,,001fj00000n8RBjAAM,,,
003fj00000kUbChAAK,,Contact Demo LN1,,,001fj00000n8RBkAAM,,,
003fj00000kUbCiAAK,,Contact Demo LN2,,,001fj00000n8RBkAAM,,,
003fj00000kUbCjAAK,,Contact Demo LN3,,,001fj00000n8RBkAAM,,,
003fj00000kUbCkAAK,,Contact Demo LN4,,,001fj00000n8RBkAAM,,,
003fj00000kUbClAAK,,Contact Demo LN5,,,001fj00000n8RBkAAM,,,
003fj00000kUbCmAAK,,Contact Demo LN1,,,001fj00000n8RBlAAM,,,
003fj00000kUbCnAAK,,Contact Demo LN2,,,001fj00000n8RBlAAM,,,
003fj00000kUbCoAAK,,Contact Demo LN3,,,001fj00000n8RBlAAM,,,
003fj00000kUbCpAAK,,Contact Demo LN4,,,001fj00000n8RBlAAM,,,
003fj00000kUbCqAAK,,Contact Demo LN5,,,001fj00000n8RBlAAM,,,
003fj00000kUbCrAAK,,Contact Demo LN1,,,001fj00000n8RBmAAM,,,
003fj00000kUbCsAAK,,Contact Demo LN2,,,001fj00000n8RBmAAM,,,
003fj00000kUbCtAAK,,Contact Demo LN3,,,001fj00000n8RBmAAM,,,
003fj00000kUbCuAAK,,Contact Demo LN4,,,001fj00000n8RBmAAM,,,
003fj00000kUbCvAAK,,Contact Demo LN5,,,001fj00000n8RBmAAM,,,
003fj00000kUbFlAAK,,Contact Demo LN1,,,001fj00000n8XKLAA2,,,
003fj00000kUbFmAAK,,Contact Demo LN2,,,001fj00000n8XKLAA2,,,
003fj00000kUbFnAAK,,Contact Demo LN3,,,001fj00000n8XKLAA2,,,
003fj00000kUbFoAAK,,Contact Demo LN4,,,001fj00000n8XKLAA2,,,
003fj00000kUbFpAAK,,Contact Demo LN5,,,001fj00000n8XKLAA2,,,
003fj00000kUbFqAAK,,Contact Demo LN1,,,001fj00000n8XKMAA2,,,
003fj00000kUbFrAAK,,Contact Demo LN2,,,001fj00000n8XKMAA2,,,
003fj00000kUbFsAAK,,Contact Demo LN3,,,001fj00000n8XKMAA2,,,
003fj00000kUbFtAAK,,Contact Demo LN4,,,001fj00000n8XKMAA2,,,
003fj00000kUbFuAAK,,Contact Demo LN5,,,001fj00000n8XKMAA2,,,
003fj00000kUbFvAAK,,Contact Demo LN1,,,001fj00000n8XKNAA2,,,
003fj00000kUbFwAAK,,Contact Demo LN2,,,001fj00000n8XKNAA2,,,
003fj00000kUbFxAAK,,Contact Demo LN3,,,001fj00000n8XKNAA2,,,
003fj00000kUbFyAAK,,Contact Demo LN4,,,001fj00000n8XKNAA2,,,
003fj00000kUbFzAAK,,Contact Demo LN5,,,001fj00000n8XKNAA2,,,
003fj00000kUbG0AAK,,Contact Demo LN1,,,001fj00000n8XKOAA2,,,
003fj00000kUbG1AAK,,Contact Demo LN2,,,001fj00000n8XKOAA2,,,
003fj00000kUbG2AAK,,Contact Demo LN3,,,001fj00000n8XKOAA2,,,
003fj00000kUbG3AAK,,Contact Demo LN4,,,001fj00000n8XKOAA2,,,
003fj00000kUbG4AAK,,Contact Demo LN5,,,001fj00000n8XKOAA2,,,
003fj00000kUbG5AAK,,Contact Demo LN1,,,001fj00000n8XKPAA2,,,
003fj00000kUbG6AAK,,Contact Demo LN2,,,001fj00000n8XKPAA2,,,
003fj00000kUbG7AAK,,Contact Demo LN3,,,001fj00000n8XKPAA2,,,
003fj00000kUbG8AAK,,Contact Demo LN4,,,001fj00000n8XKPAA2,,,
003fj00000kUbG9AAK,,Contact Demo LN5,,,001fj00000n8XKPAA2,,,
003fj00000kUbHNAA0,,Contact,,,001fj00000n8XKQAA2,,,
003fj00000kWyWRAA0,,Contact,,,001fj00000nC9BSAA0,,,
003fj00000kWyWSAA0,,Contact,,,001fj00000nC9BTAA0,,,
003fj00000kWyWTAA0,,Contact,,,001fj00000nC9BUAA0,,,
003fj00000kWyWUAA0,,Contact,,,001fj00000nC9BVAA0,,,
003fj00000kWyWVAA0,,Contact,,,001fj00000nC9BWAA0,,,
003fj00000kWyWWAA0,,Contact,,,001fj00000nC9BXAA0,,,
003fj00000kWyWXAA0,,Contact,,,001fj00000nC9BYAA0,,,
003fj00000kWyWYAA0,,Contact,,,001fj00000nC9BZAA0,,,
003fj00000kWyWZAA0,,Contact,,,001fj00000nC9BaAAK,,,
003fj00000kWyWaAAK,,Contact,,,001fj00000nC9BbAAK,,,
003fj00000kWyWbAAK,,Contact,,,001fj00000nC9BcAAK,,,
003fj00000kWyWcAAK,,Contact,,,001fj00000nC9BdAAK,,,
003fj00000kWyWdAAK,,Contact,,,001fj00000nC9BeAAK,,,
003fj00000kWyWeAAK,,Contact,,,001fj00000nC9BfAAK,,,
003fj00000kWyWfAAK,,Contact,,,001fj00000nC9BgAAK,,,
003fj00000kWyWgAAK,,Contact,,,001fj00000nC9BhAAK,,,
003fj00000kWyWhAAK,,Contact,,,001fj00000nC9BiAAK,,,
003fj00000kWyWiAAK,,Contact,,,001fj00000nC9BjAAK,,,
003fj00000kWyWjAAK,,Contact,,,001fj00000nC9BkAAK,,,
003fj00000kWyWkAAK,,Contact,,,001fj00000nC9BlAAK,,,
003fj00000kX3pRAAS,,Contact,,,001fj00000nCBy0AAG,,,
003fj00000kX3pSAAS,,Contact,,,001fj00000nCBy1AAG,,,
003fj00000kX3r3AAC,,Contact,,,001fj00000nCBy2AAG,,,
003fj00000kX3sfAAC,,Contact,,,001fj00000nCHQfAAO,,,
003fj00000kX3sgAAC,,Contact,,,001fj00000nCHQgAAO,,,
003fj00000kX3uHAAS,,Contact,,,001fj00000nCHQhAAO,,,
003fj00000kX4OwAAK,,Contact,,,001fj00000nCS5xAAG,,,
003fj00000kX4OxAAK,,Contact,,,001fj00000nCS5yAAG,,,
003fj00000kX4OyAAK,,Contact,,,001fj00000nCS5zAAG,,,
003fj00000kX4OzAAK,,Contact,,,001fj00000nCS60AAG,,,
003fj00000kX4P0AAK,,Contact,,,001fj00000nCS61AAG,,,
003fj00000kX4P1AAK,,Contact,,,001fj00000nCS62AAG,,,
003fj00000kX4P2AAK,,Contact,,,001fj00000nCS63AAG,,,
003fj00000kX4P3AAK,,Contact,,,001fj00000nCS64AAG,,,
003fj00000kX4P4AAK,,Contact,,,001fj00000nCS65AAG,,,
003fj00000kX4P5AAK,,Contact,,,001fj00000nCS66AAG,,,
003fj00000kX4P6AAK,,Contact,,,001fj00000nCS67AAG,,,
003fj00000kX4P7AAK,,Contact,,,001fj00000nCS68AAG,,,
003fj00000kX4P8AAK,,Contact,,,001fj00000nCS69AAG,,,
003fj00000kX4P9AAK,,Contact,,,001fj00000nCS6AAAW,,,
003fj00000kX4PAAA0,,Contact,,,001fj00000nCS6BAAW,,,
003fj00000kX4PBAA0,,Contact,,,001fj00000nCS6CAAW,,,
003fj00000kX4PCAA0,,Contact,,,001fj00000nCS6DAAW,,,
003fj00000kX4PDAA0,,Contact,,,001fj00000nCS6EAAW,,,
003fj00000kX4PEAA0,,Contact,,,001fj00000nCS6FAAW,,,
003fj00000kX4PFAA0,,Contact,,,001fj00000nCS6GAAW,,,
003fj00000lKcB5AAK,,Contact,,,001fj00000oOUppAAG,,,
003fj00000wAhYXAA0,Ahmet,Test Contat,,765756575765,,,,
003fj00000wAiG5AAK,,Test2,,,,,,
003fj00000yLHOIAA4,jhvjhv,kjbkb,,,,,,
